class,D.1.rep,D.1.nonrep,D.2.5.rep,D.2.5.nonrep,D.5.50,D.50.400,DI.small,DI.large,I.1.rep,I.1.nonrep,I.2.5.rep,I.2.5.nonrep,I.5.50,I.50.400
wild.type,0.313753740441095,0.1631386456832539,0.04765599024714618,0.0514241383131996,0.09110052089105619,0.0,0.0,0.0,0.2493627396652998,0.047766818131441874,0.027374487421035133,0.0,0.008422919206472349,0.0
mlh.1,0.31230331185373894,0.16049752734901843,0.046006294020680356,0.03626554772965682,0.09590888655777012,0.0,0.0,0.0,0.25640641390678853,0.04900344672561067,0.03326839502472651,0.0,0.010340176832009591,0.0
msh.2,0.13016949152542373,0.08,0.14915254237288136,0.05220338983050848,0.3389830508474576,0.0,0.0,0.0,0.15322033898305085,0.02847457627118644,0.04,0.0,0.027796610169491524,0.0
msh.6,0.30902837489251933,0.13929492691315562,0.049011177987962166,0.0412725709372313,0.10232158211521926,0.0,0.0,0.0,0.2607050730868444,0.0586414445399828,0.033190025795356834,0.0,0.006534823731728289,0.0
pms.2,0.0440251572327044,0.02410901467505241,0.15932914046121593,0.025157232704402517,0.5712788259958071,0.0,0.0,0.0,0.129979035639413,0.023060796645702306,0.011530398322851153,0.0,0.011530398322851153,0.0
other.genotype,0.087248322147651,0.05704697986577181,0.1174496644295302,0.030201342281879196,0.4395973154362416,0.0,0.0,0.0,0.16778523489932887,0.04697986577181208,0.02348993288590604,0.0,0.030201342281879196,0.0
